<?xml version="1.0"?>
<xml><uzytkownik><id>1</id><nazwa>Kutyna Jaros&#x142;aw</nazwa><email>kutynajarek@gmail.com</email><punkty>50</punkty><status>passed</status><kurs>Wielki test timer&#xF3;w</kurs><data>2015-09-02 10:04:15</data><suma>1</suma></uzytkownik><uzytkownik><id>2</id><nazwa>Kutyna Jaros&#x142;aw</nazwa><email>kutynajarek@gmail.com</email><punkty>50</punkty><status>passed</status><kurs>Wielki test timer&#xF3;w</kurs><data>2015-09-02 10:04:15</data><suma>1</suma></uzytkownik><uzytkownik><id>3</id><nazwa>Marta Wo&#x17A;nicka</nazwa><email>mw@wpdd.pl</email><punkty>brak danych</punkty><status>brak danych</status><kurs>brak danych</kurs><data>brak danych</data><suma>1</suma></uzytkownik><uzytkownik><id>4</id><nazwa>Melissa	Santos</nazwa><email>melissa.santos@user.pl</email><punkty>brak danych</punkty><status>brak danych</status><kurs>brak danych</kurs><data>brak danych</data><suma>1</suma></uzytkownik><uzytkownik><id>5</id><nazwa>Jerald Rivera</nazwa><email>jerald.rivera@user.pl</email><punkty>brak danych</punkty><status>brak danych</status><kurs>brak danych</kurs><data>brak danych</data><suma>1</suma></uzytkownik><uzytkownik><id>6</id><nazwa>brak danych</nazwa><email>ross.garcia@user.pl</email><punkty>brak danych</punkty><status>brak danych</status><kurs>brak danych</kurs><data>brak danych</data><suma>1</suma></uzytkownik><uzytkownik><id>7</id><nazwa>Everett Lane</nazwa><email>everett.lane@user.pl</email><punkty>brak danych</punkty><status>brak danych</status><kurs>brak danych</kurs><data>brak danych</data><suma>1</suma></uzytkownik><uzytkownik><id>8</id><nazwa>Carol Fuller</nazwa><email>carol.fuller@user.pl</email><punkty>brak danych</punkty><status>brak danych</status><kurs>brak danych</kurs><data>brak danych</data><suma>1</suma></uzytkownik><uzytkownik><id>9</id><nazwa>Camille Vega</nazwa><email>camille.vega@user.pl</email><punkty>brak danych</punkty><status>brak danych</status><kurs>brak danych</kurs><data>brak danych</data><suma>1</suma></uzytkownik><uzytkownik><id>10</id><nazwa>Glen Stevenson</nazwa><email>glen.stevenson@user.pl</email><punkty>brak danych</punkty><status>brak danych</status><kurs>brak danych</kurs><data>brak danych</data><suma>1</suma></uzytkownik><uzytkownik><id>11</id><nazwa>Rosie Weber</nazwa><email>rosie.weber@user.pl</email><punkty>brak danych</punkty><status>brak danych</status><kurs>brak danych</kurs><data>brak danych</data><suma>1</suma></uzytkownik><uzytkownik><id>12</id><nazwa>Jason Bell</nazwa><email>jason.bell@user.pl</email><punkty>50</punkty><status>passed</status><kurs>Wielki test timer&#xF3;w</kurs><data>2015-09-01 17:31:06</data><suma>1</suma></uzytkownik></xml>
